id,username,display_name,image_file,matched_file,match_distance,chibi_file,Appearance order,
1.68883720081575E+018,hezuikn_isekai,_hezuikn ✦,hezuikn_isekai.jpg,,,hezuikn_isekai.jpg,1,
1.16022322103731E+018,guitaripod,ᛗᚨᚱᚴᚢᛋ,guitaripod.jpg,guitaripod.jpg,0,guitaripod.jpg,2,
1.27203398651301E+018,prthnkys,parth,prthnkys.jpg,,,prthnkys.jpg,3,
9.10292262659199E+017,Dragon_Samurai0,Dragon Samurai #EchoesofAincradforSwitch2✝️,Dragon_Samurai0.jpg,Dragon_Samurai0.jpg,0,Dragon_Samurai0.jpg,4,
1.84917191673455E+018,ARCDigiFuture,Adam⚡💡,ARCDigiFuture.jpg,,,ARCDigiFuture.jpg,5,
1.97265063374111E+018,arealhumantony,a Tony,arealhumantony.jpg,,,arealhumantony.jpg,6,
1.79821986413122E+018,archibaldxiv,Ƶ,archibaldxiv.jpg,,,archibaldxiv.jpg,7,
8.28928062196552E+017,WagieWeeb,Kion,WagieWeeb.jpg,,,WagieWeeb.jpg,8,
362767566,SpaceDanGaming,𝙎𝙥𝙖𝙘𝙚𝘿𝙖𝙣𝙂𝙖𝙢𝙞𝙣𝙜 🚀🌌 | Sway,SpaceDanGaming.jpg,,,SpaceDanGaming.jpg,9,
1.70957950762211E+018,SincereMickey,Mickey,SincereMickey.jpg,,,SincereMickey.jpg,10,
1.97069390661964E+018,TolvanSkull,ＴｏｌｖａｎＳｋｕｌｌ,TolvanSkull.jpg,,,TolvanSkull.jpg,11,
1.4586018707931E+018,TheOfficialJOTS,W.F. Caradine,TheOfficialJOTS.jpg,,,TheOfficialJOTS.jpg,12,
1.3505218768046E+018,_rabbi,milkman,_rabbi.jpg,,,_rabbi.jpg,13,
3270062905,Ariakh55,Mastergrill,Ariakh55.jpg,,,Ariakh55.jpg,14,
1.80073917141527E+018,BaledonEast,Baledon,BaledonEast.jpg,,,BaledonEast.jpg,15,
1.86104953498336E+018,0x45o,0x45,0x45o.jpg,,,0x45o.jpg,16,
1.88169674754767E+018,DanNEO_SS,DanNeo S.S. ✮ 𓂃🖊,DanNEO_SS.jpg,DanNEO_SS.jpg,0,DanNEO_SS.jpg,17,
1.61157733746367E+018,MillerDakotaJ,Dakota J. Miller,MillerDakotaJ.jpg,MillerDakotaJ.jpg,0,MillerDakotaJ.jpg,18,
2.02934803195565E+018,MysticalYazzy,Mystical Yazzy 🔥🩷,MysticalYazzy.jpg,,,MysticalYazzy.jpg,19,
2.02645997985138E+018,Wolfie1775,Wolfie,Wolfie1775.jpg,Wolfie1775.jpg,0,Wolfie1775.jpg,20,
1.52165287340643E+018,AsNmJackal48xl,Jackal,AsNmJackal48xl.jpg,,,AsNmJackal48xl.jpg,21,
2395562857,iamtank_,Tank,iamtank_.jpg,iamtank_.jpg,0,iamtank_.jpg,22,
1.61602426167167E+018,StillTypeWritin,StillTypeWriting,StillTypeWritin.jpg,StillTypeWritin.jpg,0,StillTypeWritin.jpg,23,
1.58583467247888E+018,_imdawon,dawon 🇺🇸,_imdawon.jpg,_imdawon.jpg,0,_imdawon.jpg,24,
1.86809272679052E+018,meemeyerHarvin,Harvin⚡️,meemeyerHarvin.jpg,meemeyerHarvin.jpg,0,meemeyerHarvin.jpg,25,
1.14671142352923E+018,salty_grndpa,salty / CEO of fixi (same thing),salty_grndpa.jpg,salty_grndpa.jpg,0,salty_grndpa.jpg,26,
130405361,CopaExMachina,CinemaCopa,CopaExMachina.jpg,,,CopaExMachina.jpg,27,
1.49893635269546E+018,K19Unknown,ANGSUDO,K19Unknown.jpg,K19Unknown.jpg,0,K19Unknown.jpg,28,
1.85930253820325E+018,mind_worm_,Mind Worm,mind_worm_.jpg,mind_worm_.jpg,0,mind_worm_.jpg,29,
1.79874639804282E+018,Linfootwrites,Linfoot Writes,Linfootwrites.jpg,Linfootwrites.jpg,0,Linfootwrites.jpg,30,
1.7037183308663E+018,REVOLVO_OCELOTS,revolver ocelot,REVOLVO_OCELOTS.jpg,REVOLVO_OCELOTS.jpg,0,REVOLVO_OCELOTS.jpg,31,
1.81086891749509E+018,buhhhryan,Buhhhryan,buhhhryan.jpg,,,buhhhryan.jpg,32,
367231613,VinciRSS,Vinci,VinciRSS.jpg,,,VinciRSS.jpg,33,
3231918990,zekramu,zek,zekramu.jpg,,,zekramu.jpg,34,
1.7034509017664E+018,dwarfbretonnia,Soldier of God ✝️ Nick,dwarfbretonnia.jpg,,,dwarfbretonnia.jpg,35,
1.6570932579508E+018,TAR_Kirk,Tyler Kirk,TAR_Kirk.jpg,,,TAR_Kirk.jpg,36,
1.7161532131229E+018,Professor_Ho_Oh,Rodrigo Mello,Professor_Ho_Oh.jpg,,,Professor_Ho_Oh.jpg,37,
121404458,ankkala,kumikumi (Ankkala),ankkala.jpg,,,ankkala.jpg,38,
1.52407341676834E+018,_kiyosh1,kiyoshi ?¿,_kiyosh1.jpg,,,_kiyosh1.jpg,39,
1.89953103312242E+018,BmHairston,Ben Hairston,BmHairston.jpg,,,BmHairston.jpg,40,
1.49674979733587E+018,stinkgen,stink 臭う,stinkgen.jpg,,,stinkgen.jpg,41,
1.85361150003793E+018,ScorpionChekIn,Scorpion,ScorpionChekIn.jpg,,,ScorpionChekIn.jpg,42,
1.87338508936462E+018,10_X_eng,RobitOverload,10_X_eng.jpg,,,10_X_eng.jpg,43,
121352079,Kyubi_KD,Kyubi,Kyubi_KD.jpg,Kyubi_KD.jpg,0,Kyubi_KD.jpg,44,
339313784,k0ncept,kon,k0ncept.jpg,k0ncept.jpg,0,k0ncept.jpg,45,
1.70785245073923E+018,peach2k2,peachey2k2 𔐓,peach2k2.jpg,,,peach2k2.jpg,46,
1.89210530687399E+018,ikkikikikiik,Ikki,ikkikikikiik.jpg,,,ikkikikikiik.jpg,47,
9.42202152574894E+017,0xRikko,rikko,0xRikko.jpg,,,0xRikko.jpg,48,
1.6094481650482E+018,main_experiment,ᵉₓᵖₑʳᵢᵐₑⁿₜⁱₙᵍ,main_experiment.jpg,,,main_experiment.jpg,49,
8.70908568802796E+017,itsoksmit,smit,itsoksmit.jpg,,,itsoksmit.jpg,50,
2199453592,jzpitts,J. Z. Pitts,jzpitts.jpg,,,jzpitts.jpg,51,
1.67187538053656E+018,0xRafaa,rafa 🧉⚔️,0xRafaa.jpg,,,0xRafaa.jpg,52,
1.51109737564911E+018,BLUECOW009,@bluecow 🐮,BLUECOW009.jpg,,,BLUECOW009.jpg,53,
1.65167022177692E+018,ChoochSkookum,chooch skookum,ChoochSkookum.jpg,,,ChoochSkookum.jpg,54,
46028956,jairomsb,Jairo,jairomsb.jpg,,,jairomsb.jpg,55,
7.89184131477283E+017,NyanpasuKA,Nyanpasu,NyanpasuKA.jpg,,,NyanpasuKA.jpg,56,
1.72499171842289E+018,wordgrammer,wordgrammer,wordgrammer.jpg,,,wordgrammer.jpg,57,
1.52975904096782E+018,ramenpopx,ramenpop,ramenpopx.jpg,,,ramenpopx.jpg,58,
1.18946858569923E+018,alightinastorm,robot,alightinastorm.jpg,,,alightinastorm.jpg,59,
1.76872515536966E+018,the_jess_who,Jessica,the_jess_who.jpg,the_jess_who.jpg,0,the_jess_who.jpg,60,
1.70062806648433E+018,JustSuperHuman_,bro,JustSuperHuman_.jpg,JustSuperHuman_.jpg,0,JustSuperHuman_.jpg,61,
1.89316103924997E+018,ckeyte546,Peskius Maximus,ckeyte546.jpg,ckeyte546.jpg,0,ckeyte546.jpg,62,
2.01787329129864E+018,ishtwts,ish.exe,ishtwts.jpg,,,ishtwts.jpg,63,
1.48493918814748E+018,tortyl,𝔗𝔬𝔯𝔱𝔶𝔩 🐢,tortyl.jpg,tortyl.jpg,0,tortyl.jpg,64,
1.70211037661412E+018,LlamaSandwhich,Llama,LlamaSandwhich.jpg,,,LlamaSandwhich.jpg,65,
16781098,Jessejrlim,Jesse Jr Lim (林振燊),Jessejrlim.jpg,,,Jessejrlim.jpg,66,
1.77474141240941E+018,worldwatchingme,World Watching,worldwatchingme.jpg,,,worldwatchingme.jpg,67,
393693291,stromqx,stromqx,stromqx.jpg,,,stromqx.jpg,68,
1.72521840636081E+018,sister_slay,sister slay,sister_slay.jpg,,,sister_slay.jpg,69,
1.53470161447645E+018,McgregorJonryan,Ryan Johnson×͜×,McgregorJonryan.jpg,,,McgregorJonryan.jpg,70,
1.77543392531966E+018,sentient_Mas,X-MAN,sentient_Mas.jpg,sentient_Mas.jpg,0,sentient_Mas.jpg,71,
1.86736972783359E+018,haydendevs,hayden,haydendevs.jpg,haydendevs.jpg,0,haydendevs.jpg,72,
,ubermummy,hjplm,ubermummy.jpg,ubermummy.jpg,0,ubermummy.jpg,73,
1.48334309276996E+018,369code_,ミロク💋,369code_.jpg,369code_.jpg,0,369code_.jpg,74,
1.33907641451608E+018,aarondotdev,aaron,aarondotdev.jpg,aarondotdev.jpg,0,aarondotdev.jpg,75,
1.5190939986647E+018,Burnzzz0,Burnz,Burnzzz0.jpg,Burnzzz0.jpg,0,Burnzzz0.jpg,76,
1.00539304058289E+018,WritingStickMan,Writing Stick Man - Richard Massie,WritingStickMan.jpg,WritingStickMan.jpg,0,WritingStickMan.jpg,77,
524618848,icanvardar,Can Vardar,icanvardar.jpg,icanvardar.jpg,0,icanvardar.jpg,78,
1.16521661487224E+018,justabdulraouf,Abdul,justabdulraouf.jpg,justabdulraouf.jpg,0,justabdulraouf.jpg,79,
1.93899336242767E+018,Miss_Lakewood,Abigail Lakewood,Miss_Lakewood.jpg,Miss_Lakewood.jpg,0,Miss_Lakewood.jpg,80,
1.83953873680542E+018,aetlantian,Josh C. Williams,aetlantian.jpg,aetlantian.jpg,0,aetlantian.jpg,81,
1.65123033396095E+018,Loxpie1234,Lox Pie,Loxpie1234.jpg,Loxpie1234.jpg,0,Loxpie1234.jpg,82,
1.87756897207106E+018,BeautyInTheMyre,Wren,BeautyInTheMyre.jpg,BeautyInTheMyre.jpg,0,BeautyInTheMyre.jpg,83,
1.80453718571189E+018,e0syn,🇨‌🇦‌🇷‌🇿‌🇪‌🇳‌,e0syn.jpg,e0syn.jpg,0,e0syn.jpg,84,
1.85850414323479E+018,Observer_ofyou,Observer 観察者,Observer_ofyou.jpg,Observer_ofyou.jpg,0,Observer_ofyou.jpg,85,
567200797,thedavidboyd,David Boyd,thedavidboyd.jpg,thedavidboyd.jpg,0,thedavidboyd.jpg,86,
1.41572857187688E+018,mickyxblicky,Micky with the Blicky,mickyxblicky.jpg,mickyxblicky.jpg,0,mickyxblicky.jpg,87,
1.77617944562966E+018,NoahRayWrites,Noah Ray,NoahRayWrites.jpg,,,NoahRayWrites.jpg,88,
1.94888045740101E+018,ma2_sakura,absolutely right,ma2_sakura.jpg,ma2_sakura.jpg,0,ma2_sakura.jpg,89,
1162168027,PromptPilot,PromptPilot,PromptPilot.jpg,PromptPilot.jpg,0,PromptPilot.jpg,90,
1.91358011354084E+018,ctrlaltmommy,Ctrl Alt Mommy ミ,ctrlaltmommy.jpg,,,ctrlaltmommy.jpg,91,
1.84734862616445E+018,HighWorldRings,Avery,HighWorldRings.jpg,HighWorldRings.jpg,0,HighWorldRings.jpg,92,
1.76741999578785E+018,iq_over_9000,index.dk.workers.dev | Apolitical Commentator,iq_over_9000.jpg,iq_over_9000.jpg,0,iq_over_9000.jpg,93,
2272072662,superwhitetuna0,s u l i 🍣,superwhitetuna0.jpg,,,superwhitetuna0.jpg,94,
1867988988,Rafa_Schwinger,Rafa Schwinger 🇻🇦,Rafa_Schwinger.jpg,,,Rafa_Schwinger.jpg,95,
1.80272108917429E+018,Q_wacko,Qwacko,Q_wacko.jpg,,,Q_wacko.jpg,96,
17430877,jawdroppuh_,jaw,jawdroppuh_.jpg,,,jawdroppuh_.jpg,97,
3236381276,J0hnADouglas,John A. Douglas,J0hnADouglas.jpg,,,J0hnADouglas.jpg,98,
1.87061611086714E+018,madhav1,fate,madhav1.jpg,,,madhav1.jpg,99,
7.42371799116223E+017,klara_sjo,Klara,klara_sjo.jpg,,,klara_sjo.jpg,100,
1.57986746804206E+018,vincit_amore,Qui Vincit,vincit_amore.jpg,,,vincit_amore.jpg,101,
1.81858240156967E+018,ciscoparadox,Cisco,ciscoparadox.jpg,ciscoparadox.jpg,0,ciscoparadox.jpg,102,
7.9103270225852E+017,promptprincess,♡emily♡,promptprincess.jpg,promptprincess.jpg,0,promptprincess.jpg,103,
1577038818,Young_Blw13,Key-on-uhh,Young_Blw13.jpg,Young_Blw13.jpg,0,Young_Blw13.jpg,104,
1.45497569752566E+018,KianErfaan,Kian,KianErfaan.jpg,,,KianErfaan.jpg,105,
1.59402187102406E+018,FussuV,Your Friendly Neighborhood Death,FussuV.jpg,,,FussuV.jpg,106,
362146317,vulpraxis,Vulpraxis,vulpraxis.jpg,,,vulpraxis.jpg,107,
1.32486005152225E+018,GrimfelOfficial,𝔊𝔯𝔦𝔪𝔣𝔢𝔩,GrimfelOfficial.jpg,GrimfelOfficial.jpg,0,GrimfelOfficial.jpg,108,
1.64473997402832E+018,boneGPT,bone,boneGPT.jpg,boneGPT.jpg,0,boneGPT.jpg,109,
1.27113159970317E+018,LuciousAmoris,Lucious S.E.A. Pater Amoris,LuciousAmoris.jpg,LuciousAmoris.jpg,0,LuciousAmoris.jpg,110,
1.82979260989358E+018,thatsallfrens,retarded online 🇻🇦,thatsallfrens.jpg,thatsallfrens.jpg,0,thatsallfrens.jpg,111,
799700431,GermanicFren,𝕲𝖊𝖗𝖒𝖆𝖓𝖎𝖈 𝕱𝖗𝖊𝖓 🇺🇲,GermanicFren.jpg,,,GermanicFren.jpg,112,
5821822,fumogirls,ふもちゃん,fumogirls.jpg,,,fumogirls.jpg,113,
1.51317440589505E+018,BurnZeZ,BurnZeZ,BurnZeZ.jpg,,,BurnZeZ.jpg,114,
1.7125389693579E+018,SavvaSmith,Savva Smith,SavvaSmith.jpg,,,SavvaSmith.jpg,115,
4737541095,finixyta,Fin,finixyta.jpg,,,finixyta.jpg,116,
1.82777347860036E+018,Aikun011,Megamind,Aikun011.jpg,Aikun011.jpg,0,Aikun011.jpg,117,
1.55686089822805E+018,vladgothgirl,V l a d the I m p a l e r 🗡️💌,vladgothgirl.jpg,vladgothgirl.jpg,0,vladgothgirl.jpg,118,
1.81736472629448E+018,SchlongusPrimp,SchlongusPrimp,SchlongusPrimp.jpg,,,SchlongusPrimp.jpg,119,
632832467,WickedFreckledT,Wicked Freckled Trull,WickedFreckledT.jpg,WickedFreckledT.jpg,0,WickedFreckledT.jpg,120,
1.77263267454644E+018,DaveTheSwampman,Swampman Dave,DaveTheSwampman.jpg,DaveTheSwampman.jpg,0,DaveTheSwampman.jpg,121,
1.52059233958818E+018,Vauche7777,Vauche,Vauche7777.png,Vauche7777.png,0,Vauche7777.jpg,122,
1.59400177472931E+018,DWARussell22,Russell Carroll - Dog Walking Author,DWARussell22.jpg,DWARussell22.jpg,0,DWARussell22.jpg,123,
1.81107418227031E+018,DreamsUnchartd,Dreams Uncharted Comix,DreamsUnchartd.jpg,DreamsUnchartd.jpg,0,DreamsUnchartd.jpg,124,
433539857,radmadvlad,vlad,radmadvlad.jpg,radmadvlad.jpg,0,radmadvlad.jpg,125,
1.91097905452355E+018,thealokverse,L I G H T,thealokverse.jpg,,,thealokverse.jpg,126,
1.95397799606457E+018,Praxis_Fall,Praxis Fall,Praxis_Fall.jpg,,,Praxis_Fall.jpg,127,
304636503,1v100000,Diogenes of Cyberborea,1v100000.jpg,1v100000.jpg,0,1v100000.jpg,128,
1.84999685717663E+018,antlionai,Antlion,antlionai.jpg,antlionai.jpg,0,antlionai.jpg,129,
1.10184921301128E+018,jesuslovesdani1,Feudal Chinese Frieren,jesuslovesdani1.jpg,,,jesuslovesdani1.jpg,130,
2.03633001747996E+018,KONO_GAKI_EGG,Tamago kun (reforged),KONO_GAKI_EGG.jpg,,,KONO_GAKI_EGG.jpg,131,
348050518,fayehollidaye,Faye Hollidaye,fayehollidaye.jpg,,,fayehollidaye.jpg,132,
1.76421651636966E+018,BlackDumpling,BLACK DUMPLING™,BlackDumpling.jpg,,,BlackDumpling.jpg,133,
1.54945990904948E+018,FrenlyOfficer,Officer Frenly (High IQ),FrenlyOfficer.jpg,FrenlyOfficer.jpg,0,FrenlyOfficer.jpg,134,
1.87219998369871E+018,knightkun__,knight,knightkun__.jpg,knightkun__.jpg,0,knightkun__.jpg,135,
1.54875008564266E+018,RexxyPlus,Rexxy,RexxyPlus.jpg,RexxyPlus.jpg,0,RexxyPlus.jpg,136,
2.01760701229351E+018,Azorele07,Menoga the Renegade.,Azorele07.jpg,Azorele07.jpg,0,Azorele07.jpg,137,
1.52081390616325E+018,LargeInStature_,SWOLE Nephi 💪🏻,LargeInStature_.jpg,LargeInStature_.jpg,0,LargeInStature_.jpg,138,
2774660844,plasmarob,plasma ۞,plasmarob.jpg,plasmarob.jpg,0,plasmarob.jpg,139,
1.76195112183134E+018,AbotGrenfield,Abot Grenfield,AbotGrenfield.jpg,AbotGrenfield.jpg,0,AbotGrenfield.jpg,140,
9.65765352213815E+017,EddyVGG,EDDY V,EddyVGG.jpg,,,EddyVGG.jpg,141,
2.03055806913094E+018,EvaGlitchAI,E-Va 💜💚,EvaGlitchAI.jpg,,,EvaGlitchAI.jpg,142,
217856128,djcows,djcows,djcows.jpg,,,djcows.jpg,143,129
1.76087940063401E+018,k_flowstate,flowstate,k_flowstate.jpg,,,k_flowstate.jpg,144,
486333343,ZyMazza,Zy,ZyMazza.jpg,,,ZyMazza.jpg,145,
2518967204,MightyMogomra,Mogomra (e/acc),MightyMogomra.jpg,,,MightyMogomra.jpg,146,
2.02544596117117E+018,Asuka2026_,Asuka@投資・アプリ開発,Asuka2026_.jpg,,,Asuka2026_.jpg,147,
1.72699638200158E+018,raytraze,raZZ,raytraze.jpg,,,raytraze.jpg,148,
1.8813036479903E+018,saylonmusk,SAYLON🇯🇵,saylonmusk.jpg,,,saylonmusk.jpg,149,
1.88879723530489E+018,graykevinb,Kevin Gray,graykevinb.jpg,,,graykevinb.jpg,150,
19273057,Spiderslim,not Joshua,Spiderslim.jpg,,,Spiderslim.jpg,151,
1.72006796068796E+018,DataDeLaurier,Data,DataDeLaurier.jpg,,,DataDeLaurier.jpg,152,
1.58646375285717E+018,IronTiger44,The Iron Tiger 🇺🇸,IronTiger44.jpg,,,IronTiger44.jpg,153,106
3993637153,0xHondo,hondo,0xHondo.jpg,,,0xHondo.jpg,154,
1.54840026102187E+018,knowclarified,Chris,knowclarified.jpg,,,knowclarified.jpg,155,
156381558,0xAsuran,jojoyboyo,0xAsuran.jpg,,,0xAsuran.jpg,156,
1.77458541874004E+018,imnotrei0x,rei,imnotrei0x.jpg,,,imnotrei0x.jpg,157,
1.92928188871309E+018,Zoltraak_Qual,𝐐𝐔𝐀𝐋,Zoltraak_Qual.jpg,,,Zoltraak_Qual.jpg,158,
1.61959699327734E+018,yosoymario91,yosoymario,yosoymario91.jpg,,,yosoymario91.jpg,159,
9.47287184545124E+017,Voltorik_,Voltorik,Voltorik_.jpg,,,Voltorik_.jpg,160,
1.50693933173842E+018,basedanarki,anarki,basedanarki.jpg,,,basedanarki.jpg,161,
3084287758,BarbogDaFinka,Barbog Da Big Finka,BarbogDaFinka.jpg,,,BarbogDaFinka.jpg,162,
1.78876214536015E+018,branchcodex,BRANCH,branchcodex.jpg,,,branchcodex.jpg,163,
1.79878927791835E+018,alpaysh,Alps,alpaysh.jpg,,,alpaysh.jpg,164,
1.64368069414772E+018,american_d1ce,🏹 Chiron,american_d1ce.jpg,,,american_d1ce.jpg,165,
1.59439262605656E+018,origamiBleu,Origami Bleu,origamiBleu.jpg,,,origamiBleu.jpg,166,
1.65082200848427E+018,CorpseKings,Corpse Kings,CorpseKings.jpg,,,CorpseKings.jpg,167,
1.84666802756533E+018,bullet_proofdad,Bulletproof Dad,bullet_proofdad.jpg,,,bullet_proofdad.jpg,168,
1.51149034691151E+018,Ar3Just,Just Browsing 🇺🇸,Ar3Just.jpg,,,Ar3Just.jpg,169,
1.79222690465461E+018,Vleiscerbette11,vanta bleu,Vleiscerbette11.jpg,,,Vleiscerbette11.jpg,170,
8.67357702099534E+017,bdragoncore,ByteDrag𝟶n,bdragoncore.jpg,,,bdragoncore.jpg,171,
405480976,deanpb_author,Dean Bowkett,deanpb_author.jpg,,,deanpb_author.jpg,172,
1.96364319393498E+018,thegunsreport01,Guns Reports,thegunsreport01.jpg,,,thegunsreport01.jpg,173,
9.31934825560162E+017,NatashaCL7,Natasha Carter,NatashaCL7.jpg,,,NatashaCL7.jpg,174,
3001480921,1000xcat,Silly Goose,1000xcat.jpg,,,1000xcat.jpg,175,
1.33604202483597E+018,CelticDale,DALE ROBIN ~Celtic Warrior~⚔️ USA🇺🇸 Ireland🇮🇪,CelticDale.jpg,,,CelticDale.jpg,176,
558592962,luismarmmendes,Luismar M. Mendes 🇧🇷,luismarmmendes.jpg,,,luismarmmendes.jpg,177,
2798765632,brimshae,b̸͙̏ṙ̵̢i̶̢͝m̴͈͌ś̴̫h̶̦̕ȁ̷̟ë̵̙́🧯,brimshae.png,,,brimshae.jpg,178,
1.44114818060363E+018,rougarou1776,Rougarou1776,rougarou1776.jpg,,,rougarou1776.jpg,179,
1.80283246413575E+018,ShinD222_coco,佐藤くん,ShinD222_coco.jpg,,,ShinD222_coco.jpg,180,
1.9387544093219E+018,truckerchan,トラッカーちゃん,truckerchan.jpg,,,truckerchan.jpg,181,
2.01942429944317E+018,suvikyi,Suvikyi,suvikyi.jpg,,,suvikyi.jpg,182,
1.46699344270625E+018,B4xMx,百草丸,B4xMx.jpg,,,B4xMx.jpg,183,
1.89908063725829E+018,KikuriArmpitSex,Kikuri Armpit Fucker,KikuriArmpitSex.jpg,,,KikuriArmpitSex.jpg,184,70 is some dude
1565892859,rebecca_linam,Rebecca Linam,rebecca_linam.jpg,,,rebecca_linam.jpg,185,
1.52879844737288E+018,old_crone_code,a little bit of this and a little bit of that,old_crone_code.jpg,,,old_crone_code.jpg,186,
1.58164421304504E+018,Wearereds281,はるか♀@双子座生活,Wearereds281.jpg,,,Wearereds281.jpg,187,
1.9951066548752E+018,ojisantakashi,たかし,ojisantakashi.jpg,,,ojisantakashi.jpg,188,
2.01737284660827E+018,tanpukunokami,NyanChuu🔮🇯🇵🍭,tanpukunokami.jpg,,,tanpukunokami.jpg,189,
1.31164993969754E+018,nauru_japan,ナウル共和国政府観光局（公式）,nauru_japan.jpg,,,nauru_japan.jpg,190,
3286277251,Milideco_,ミリデコ,Milideco_.jpg,,,Milideco_.jpg,191,
2920122858,takawasi_heintz,takawasi@AI使い初心者💛,takawasi_heintz.jpg,,,takawasi_heintz.jpg,192,
447937769,sow413,captain S.O,sow413.jpg,,,sow413.jpg,193,
9.94582338410398E+017,pentel1penpal,「Ａ」,pentel1penpal.jpg,,,pentel1penpal.jpg,194,
1.2998696154602E+018,himery_iddm,めりー🌸💙✝️🇯🇵🇻🇦,himery_iddm.jpg,,,himery_iddm.jpg,195,
1.30511828476156E+018,donguriweb,Donguri🍀どんぐり所長,donguriweb.jpg,,,donguriweb.jpg,196,
138490026,oujirouu,きりまんじゃろ,oujirouu.jpg,,,oujirouu.jpg,197,
1.81067360950307E+018,Tanukichi_mingo,たぬきち,Tanukichi_mingo.jpg,,,Tanukichi_mingo.jpg,198,
1.88169737070412E+018,ImperatorErebus,TAFehr,ImperatorErebus.jpg,,,ImperatorErebus.jpg,199,
1.67320983213508E+018,masakundayo1994,マサ｜脳筋エンジニア,masakundayo1994.jpg,,,masakundayo1994.jpg,200,
1.74990278981003E+018,PavelSnajdr,Pavel Snajdr,PavelSnajdr.png,,,PavelSnajdr.jpg,201,
257282116,ITangoI,Co,ITangoI.jpg,,,ITangoI.jpg,202,
3164078834,kenshin_guard,バーガーキング,kenshin_guard.jpg,,,kenshin_guard.jpg,203,
1.12245113548946E+018,MUKIDEZA2,ムキデザ│グラフィックデザイナー,MUKIDEZA2.jpg,,,MUKIDEZA2.jpg,204,
1.42419120764362E+018,nekomiso24,猫味噌,nekomiso24.jpg,,,nekomiso24.jpg,205,
1.82101436263687E+018,qqsan1234,qq,qqsan1234.jpg,,,qqsan1234.jpg,206,
1.89027921788952E+018,heywaycat,Mr. Quro,heywaycat.jpg,heywaycat.jpg,0,heywaycat.jpg,207,
1.21924804408587E+018,suke_arts,SUKE,suke_arts.jpg,,,suke_arts.jpg,208,
1.89989496150545E+018,Orad32,Lucas Ewen,Orad32.png,,,Orad32.jpg,209,
1.54190537347658E+018,uubzu,Uubzu v4,uubzu.jpg,,,uubzu.jpg,210,
1.93754741197231E+018,Manga__vibe,Anime Vibes,Manga__vibe.jpg,,,Manga__vibe.jpg,211,
1.52324767715199E+018,JASS1000001,jass,JASS1000001.jpg,,,JASS1000001.jpg,212,
1.65642523336311E+018,PeytonC61814914,Archaic Airborne Archangel,PeytonC61814914.jpg,,,PeytonC61814914.jpg,213,
1.50237438694232E+018,ITNonsupport,ITNonsupport,ITNonsupport.jpg,,,ITNonsupport.jpg,214,
1.90657112600161E+018,NitorAetheris,TheMidnightCollaborator,NitorAetheris.jpg,,,NitorAetheris.jpg,215,
2.00862069237661E+018,voidunix,Void,voidunix.jpg,,,voidunix.jpg,216,
9.21788799687983E+017,circles_r_phun,Circles (Mike),circles_r_phun.jpg,,,circles_r_phun.jpg,217,
1.44175629410949E+018,ark__,ark,ark__.jpg,,,ark__.jpg,218,
1.91673430952158E+018,shreyadoesstuff,Shreyaaaa✨,shreyadoesstuff.jpg,,,shreyadoesstuff.jpg,219,
7.30932013088313E+017,CyborgPeds,Cyborg Pediatrician,CyborgPeds.jpg,,,CyborgPeds.jpg,220,
1.77412953089186E+018,itsss_chidu,0xchidu,itsss_chidu.jpg,,,itsss_chidu.jpg,221,
1.65740479881847E+018,spaceodili,odi,spaceodili.jpg,,,spaceodili.jpg,222,
1.84314250187338E+018,NoahParisi33495,Noah Parisi,NoahParisi33495.jpg,,,NoahParisi33495.jpg,223,
324644473,Techniacus,techniacus,Techniacus.jpg,,,Techniacus.jpg,224,
1.64971187749532E+018,dax_____X,Valkyr,dax_____X.jpg,,,dax_____X.jpg,225,
1.88088511824148E+018,prathwik0,Prathwik,prathwik0.jpg,,,prathwik0.jpg,226,
1.97541731350473E+018,Aelith7,𝙰𝚎𝚕𝚒𝚝𝚑,Aelith7.jpg,,,Aelith7.jpg,227,
402307119,m_davies94,matt guitar boi,m_davies94.jpg,m_davies94.jpg,0,m_davies94.jpg,228,
1.39237673077042E+018,unpackjs,Cezerî🐉,unpackjs.jpg,,,unpackjs.jpg,229,
1.54146806852589E+018,IvanRichards17,Ivan Richards,IvanRichards17.jpg,,,IvanRichards17.jpg,230,
1.86584955897195E+018,Isekailord812,Isekai Lord 🀄⚔️,Isekailord812.jpg,,,Isekailord812.jpg,231,
1.74657616041729E+018,1casie,🜑,1casie.jpg,,,1casie.jpg,232,
1.68792178180424E+018,bungoMBE,bungo,bungoMBE.jpg,,,bungoMBE.jpg,233,
1.83183184117701E+018,hagdaughter,fenna,hagdaughter.jpg,,,hagdaughter.jpg,234,
1.87749196030877E+018,cries4lies,🩶𝒞𝓇𝒾𝑒𝓈 𝟦 𝐿𝒾𝑒𝓈🩶,cries4lies.jpg,,,cries4lies.jpg,235,
1.79416218723965E+018,RobbiePasquale,𝕽𝖔𝖇𝖇𝖎𝖊 𝓟𝖆𝖘𝖖𝖚𝖆𝖑𝖊,RobbiePasquale.jpg,,,RobbiePasquale.jpg,236,
3054547257,c6buzza,Chris x,c6buzza.jpg,,,c6buzza.jpg,237,
1.84257756223862E+018,DepCOAL,Ministry of Approved Content,DepCOAL.jpg,,,DepCOAL.jpg,238,
1.84416400864908E+018,ghestnor,jack,ghestnor.jpg,,,ghestnor.jpg,239,
1.00447923748987E+018,DomainDomme,Krista Gable,DomainDomme.jpg,,,DomainDomme.jpg,240,
1.81198507319903E+018,arcDev12,Arc ☀️,arcDev12.jpg,arcDev12.jpg,0,arcDev12.jpg,241,
1272309823,TreeLakeRain,Tree Lake Rain 🌲🦆,TreeLakeRain.jpg,,,TreeLakeRain.jpg,242,
1.58934226836786E+018,R3gularAmerican,Regular American 🐧,R3gularAmerican.jpg,,,R3gularAmerican.jpg,243,
1.67956575983019E+018,GrahamWrightIV,⭕ Graham Wright,GrahamWrightIV.jpg,,,GrahamWrightIV.jpg,244,
1.56475536347538E+018,GuyInco15542744,Guy Incognito,GuyInco15542744.jpg,,,GuyInco15542744.jpg,245,
1.13347726274389E+018,ExMosPostingLs,"ExMos, ProgMos and FrogMos Posting their L’s | PhD",ExMosPostingLs.jpg,,,ExMosPostingLs.jpg,246,
383028677,DonShirts,Don Shirts - Author,DonShirts.jpg,,,DonShirts.jpg,247,
1.32111422609453E+018,echodynamis,echo,echodynamis.jpg,,,echodynamis.jpg,248,
3044585276,moroni_memer,Lord Spaghetti Crayon 🪔,moroni_memer.jpg,,,moroni_memer.jpg,249,
1.92918526887748E+018,SwordOfLabanX,SwordOfLaban,SwordOfLabanX.jpg,,,SwordOfLabanX.jpg,250,
1.52736023709078E+018,setpedro_,setpedro,setpedro_.jpg,,,setpedro_.jpg,251,
1.44213971841879E+018,ChrisHowald,Chris Howald,ChrisHowald.jpg,,,ChrisHowald.jpg,252,
1.64854844379363E+018,benny00pilot,SecondSavant,benny00pilot.jpg,,,benny00pilot.jpg,253,
1.93220051606454E+018,notreallythoo,doob,notreallythoo.jpg,,,notreallythoo.jpg,254,
1.86266664632365E+018,emseebong,M. C. BONG 🇧🇷,emseebong.jpg,,,emseebong.jpg,255,
1.47148227144196E+018,birdabo,sui ☄️,birdabo.jpg,,,birdabo.jpg,256,
1.80528064225265E+018,polysophical,Albion Rose,polysophical.jpg,,,polysophical.jpg,257,
1.76590793084576E+018,DavidArnhem,David of Arnhem,DavidArnhem.jpg,,,DavidArnhem.jpg,258,
1.27367584683481E+018,Chasingmytail,Chase,Chasingmytail.jpg,,,Chasingmytail.jpg,259,
1.41583293807208E+018,noMukh,mukh,noMukh.jpg,,,noMukh.jpg,260,
1.68413905828748E+018,MashaZheglova,Masha,MashaZheglova.jpg,,,MashaZheglova.jpg,261,
21159645,ChiefEngineerCE,Chief_Engineer,ChiefEngineerCE.jpg,,,ChiefEngineerCE.jpg,262,
2355740370,EricDBolton,Eric D. Bolton | Creator of Things,EricDBolton.jpg,,,EricDBolton.jpg,263,
1.57442196969246E+018,kpmaloyauthor,kpmaloyauthor,kpmaloyauthor.jpg,,,kpmaloyauthor.jpg,264,
1.38133939100052E+018,CryptoCyberia,Lain on the Blockchain,CryptoCyberia.jpg,,,CryptoCyberia.jpg,265,
1.75761963192835E+018,cazcudoact4,Vina🎸🔥,cazcudoact4.jpg,,,cazcudoact4.jpg,266,
1.85524441058316E+018,x86machine,x86,x86machine.jpg,,,x86machine.jpg,267,
1.06238100668937E+018,EJFreeAuthor,"E.J. Free, Jackalope Rancher",EJFreeAuthor.jpg,,,EJFreeAuthor.jpg,268,
1.80353221158648E+018,RichardArion1,Richard Arion,RichardArion1.jpg,,,RichardArion1.jpg,269,
1.82018308568768E+018,KamiOKingPaimon,El Kami 𖦹 ₉⁹₉ 神の道 ☿️,KamiOKingPaimon.jpg,,,KamiOKingPaimon.jpg,270,
389139212,dustindoner,dust👾🦇🎸,dustindoner.jpg,,,dustindoner.jpg,271,
1.76948836624304E+018,malcomtentrage,Ireverant libertarian,malcomtentrage.jpg,,,malcomtentrage.jpg,272,
1.91429360737836E+018,vyrixo,vyx,vyrixo.jpg,,,vyrixo.jpg,273,
1.05438270619542E+018,Nor_a_Wanderer,Nor 遊子,Nor_a_Wanderer.jpg,,,Nor_a_Wanderer.jpg,274,
1.01044902611256E+018,beckettecom,evil beckett 😈,beckettecom.jpg,,,beckettecom.jpg,275,
1.94645260322487E+018,prthgo,parth🥊,prthgo.jpg,prthgo.jpg,0,prthgo.jpg,276,
1.49773557752497E+018,ChrisHa93378389,Hopper,ChrisHa93378389.jpg,,,ChrisHa93378389.jpg,277,
1.66396515509145E+018,distributedkv,tenso,distributedkv.jpg,,,distributedkv.jpg,278,
472133777,guitarhester,Justin Hester,guitarhester.jpg,,,guitarhester.jpg,279,
3223980825,fractalchris,Christopher F. Curran,fractalchris.jpg,,,fractalchris.jpg,280,
1.73961703694945E+018,unmemetic,ᵤₙₘₑₘₑₜᵢc,unmemetic.jpg,,,unmemetic.jpg,281,
1.83360458870592E+018,0xJirachi,Jirachi🌟,0xJirachi.jpg,,,0xJirachi.jpg,282,
1.8583166768295E+018,wisk_cc,wisk,wisk_cc.jpg,,,wisk_cc.jpg,283,
1378068625,sardonicsqueak,small town turtle,sardonicsqueak.jpg,,,sardonicsqueak.jpg,284,
1.25728213897557E+018,TanayVasishtha,Tanay🔳,TanayVasishtha.jpg,,,TanayVasishtha.jpg,285,
1.89263140503461E+018,NarrisBunnies,NarrisB,NarrisBunnies.jpg,NarrisBunnies.jpg,0,NarrisBunnies.jpg,286,
1.91755146664388E+018,SelRamirez1997,Selena Ramirez,SelRamirez1997.jpg,,,SelRamirez1997.jpg,287,
1.91524643299231E+018,insertcleveridk,clever username,insertcleveridk.jpg,,,insertcleveridk.jpg,288,
1.7758463653539E+018,fuckitwebol,bol,fuckitwebol.jpg,,,fuckitwebol.jpg,289,
1.94013189558263E+018,fizzyhiii,fizzy 🥺,fizzyhiii.jpg,,,fizzyhiii.jpg,290,
1.11980595224747E+018,exedexes1,exedexes1,exedexes1.png,,,exedexes1.jpg,291,
1.58577773485225E+018,shogunzeal,Gunzeal,shogunzeal.jpg,,,shogunzeal.jpg,292,
1.86689339543376E+018,mihirtwt,OPM,mihirtwt.jpg,,,mihirtwt.jpg,293,
1.66732406665771E+018,mattg666117,matt 🇺🇲 🇵🇸,mattg666117.jpg,,,mattg666117.jpg,294,
1.5935585932441E+018,devstorymemory,jack,devstorymemory.jpg,,,devstorymemory.jpg,295,
1.09302320170001E+018,Gun_Theory,Gun Theory,Gun_Theory.png,,,Gun_Theory.jpg,296,
1.71736720275446E+018,xanderpanderman,xan,xanderpanderman.jpg,,,xanderpanderman.jpg,297,
1.41421352345915E+018,earlyxbt,ari 🎏,earlyxbt.jpg,,,earlyxbt.jpg,298,
1.89703809241603E+018,aimemesdotcom,AI Memes,aimemesdotcom.png,,,aimemesdotcom.jpg,299,
1.80162813657394E+018,lifetimization,Lifetimize,lifetimization.jpg,,,lifetimization.jpg,300,
1.89345358544861E+018,StrangePages,Nick Patch,StrangePages.jpg,StrangePages.jpg,0,StrangePages.jpg,301,
1.60684208986148E+018,Nick_from_Texas,Nick,Nick_from_Texas.jpg,,,Nick_from_Texas.jpg,302,
1.88831078792575E+018,DREAMLANDSLEEEP,Stoic Femboy,DREAMLANDSLEEEP.jpg,,,DREAMLANDSLEEEP.jpg,303,
1.8887009281881E+018,DeMoDLLC,DeMoD,DeMoDLLC.jpg,,,DeMoDLLC.jpg,304,
7.57208472798827E+017,bippolaroid,bippy 🚬,bippolaroid.jpg,,,bippolaroid.jpg,305,
1.52149547905343E+018,Justin95i,Justin L,Justin95i.jpg,,,Justin95i.jpg,306,
1.89673849727454E+018,EinsteinRound2,Banchat,EinsteinRound2.jpg,,,EinsteinRound2.jpg,307,
1.88795282574714E+018,asynchronous_x,Async,asynchronous_x.jpg,,,asynchronous_x.jpg,308,
1.90498613280023E+018,Duxxcoda,Dux,Duxxcoda.jpg,,,Duxxcoda.jpg,309,
1.75206100980245E+018,temidaradev,Temidaradev,temidaradev.jpg,,,temidaradev.jpg,310,
213162847,Coalfireband,Dana Goins,Coalfireband.jpg,,,Coalfireband.jpg,311,
1.92633752988984E+018,veldtclix,Veldt,veldtclix.jpg,,,veldtclix.jpg,312,
1.13995960896399E+018,DerRichtige,DerRichtige,DerRichtige.jpg,,,DerRichtige.jpg,313,
1.87461139353555E+018,jakehendersonx_,Jake Henderson,jakehendersonx_.jpg,,,jakehendersonx_.jpg,314,
1.8836494420934E+018,triz3n,triz3n,triz3n.jpg,,,triz3n.jpg,315,
2995002674,Jayce_money,Toon Jace,Jayce_money.jpg,,,Jayce_money.jpg,316,
1.28589521137002E+018,ImKuee,𝕏 Kuee replyguy/acc,ImKuee.jpg,,,ImKuee.jpg,317,
1.59470160944276E+018,VoyanceClarence,Clarence Voyance,VoyanceClarence.jpg,,,VoyanceClarence.jpg,318,
1.91429918933041E+018,yikoshi,yikoshi,yikoshi.jpg,,,yikoshi.jpg,319,
1.49976242373305E+018,thechillbruv,ƙąɬɬɛŋ,thechillbruv.jpg,,,thechillbruv.jpg,320,
365801407,GreeneElizabeth,Elizabeth Greene,GreeneElizabeth.jpg,,,GreeneElizabeth.jpg,321,
7.56994463575052E+017,ICode4Freedom,Mike,ICode4Freedom.jpg,,,ICode4Freedom.jpg,322,
1.90415915822573E+018,Clever_Loon,loon,Clever_Loon.png,,,Clever_Loon.jpg,323,
1.47295921710768E+018,crisvenez95,Cristiano Veneziani,crisvenez95.jpg,,,crisvenez95.jpg,324,
1.35162916858527E+018,thoughtcrime___,thoughtcrime,thoughtcrime___.jpg,,,thoughtcrime___.jpg,325,
3976225318,StoryGrid,Tim Grahl | Writing Coach,StoryGrid.jpg,,,StoryGrid.jpg,326,
47468487,BravePoaster,Brave Little Poaster,BravePoaster.jpg,,,BravePoaster.jpg,327,
7.5233800661529E+017,cybermonk1701,CyberMonk,cybermonk1701.jpg,,,cybermonk1701.jpg,328,
2775206540,Stormy_DLoA,Not enough Rockstars,Stormy_DLoA.jpg,,,Stormy_DLoA.jpg,329,
1.46093965448051E+018,RACassells_auth,Rebecca Cassells Author,RACassells_auth.jpg,,,RACassells_auth.jpg,330,
2716638971,justoutofrange,Just.out.of.Range,justoutofrange.jpg,,,justoutofrange.jpg,331,
1.49954767801914E+018,FeignedShadows,Zaven Boswell,FeignedShadows.png,,,FeignedShadows.jpg,332,
1.46334703628839E+018,ArbitraryOstric,ArbyOstri🇨🇦,ArbitraryOstric.jpg,,,ArbitraryOstric.jpg,333,
1.82668476320306E+018,NathanTheAuthor,Nathan J Pearce,NathanTheAuthor.jpg,,,NathanTheAuthor.jpg,334,
1.89247240724149E+018,jk_drq,Dr. Q,jk_drq.jpg,,,jk_drq.jpg,335,
1.40009818805758E+018,WMartovich,My Name Is A Number,WMartovich.jpg,,,WMartovich.jpg,336,
1.87735217717534E+018,theSosiKevin,KruelVerse,theSosiKevin.jpg,,,theSosiKevin.jpg,337,
196458638,Karmancer,Jeremy Steingraber,Karmancer.jpg,,,Karmancer.jpg,338,
1.45551856359941E+018,auxillarybody,auxiliarybody,auxillarybody.jpg,,,auxillarybody.jpg,339,
1.89153712085206E+018,ian_snow,Ian J. Snow,ian_snow.jpg,,,ian_snow.jpg,340,
7.98063076817805E+017,amdkits,kits,amdkits.jpg,,,amdkits.jpg,341,
607528502,JustJake,Jake,JustJake.jpg,,,JustJake.jpg,342,
1.12528139391806E+018,0x466161,Kyra,0x466161.jpg,,,0x466161.jpg,343,
1.78174702097529E+018,snwy_me,snwy,snwy_me.jpg,,,snwy_me.jpg,344,
1.24861159230174E+018,fantasy_art_z,Fantasy_art_z,fantasy_art_z.jpg,,,fantasy_art_z.jpg,345,
9.7191119025861E+017,Benjamin_J_B_,L'oiseau,Benjamin_J_B_.jpg,,,Benjamin_J_B_.jpg,346,
1012982713,LukasHozda,Lukáš Hozda,LukasHozda.jpg,,,LukasHozda.jpg,347,
352003255,MatthewRideout,Matt,MatthewRideout.jpg,,,MatthewRideout.jpg,348,
1.87745761986841E+018,realevelyncross,Evelyn Cross,realevelyncross.jpg,,,realevelyncross.jpg,349,
12507242,Jocelynbeard,Overmused Author,Jocelynbeard.jpg,,,Jocelynbeard.jpg,350,
576054727,5bitcube,5bitcube,5bitcube.jpg,,,5bitcube.jpg,351,
1.72819994566746E+018,tomlaceyx,𝐭𝐨𝐦 𝐥𝐚𝐜𝐞𝐲,tomlaceyx.jpg,,,tomlaceyx.jpg,352,
1.87867738699829E+018,npcphilosopher,liv ❅,npcphilosopher.jpg,,,npcphilosopher.jpg,353,
1.51490441951049E+018,waozixyz,Waozi (哇子),waozixyz.jpg,,,waozixyz.jpg,354,
1.11016576127065E+018,ostia00kg,ostia,ostia00kg.jpg,,,ostia00kg.jpg,355,
1.41300055942296E+018,austnnet,austn.net,austnnet.jpg,,,austnnet.jpg,356,
1.61407327787745E+018,offsitedark,offsite,offsitedark.jpg,,,offsitedark.jpg,357,
1.26162628084127E+018,uve_lorenzo,ウベロレンソ,uve_lorenzo.jpg,,,uve_lorenzo.jpg,358,
1.716948894415E+018,zennyyyplus,Zenny$+,zennyyyplus.jpg,,,zennyyyplus.jpg,359,
1.50999820350405E+018,someguy0474,Someguy0474,someguy0474.jpg,,,someguy0474.jpg,360,
1.75170328356184E+018,tohofuny,eirinpatriot,tohofuny.jpg,,,tohofuny.jpg,361,
1.85333992575357E+018,kosa12m,ksa 🏴‍☠️,kosa12m.jpg,,,kosa12m.jpg,362,
1.47675625583855E+018,sarahs_sky,Skryvener,sarahs_sky.jpg,,,sarahs_sky.jpg,363,
1.2758613451126E+018,dank_herbert,Dank Herbert (punished) 🐦‍⬛,dank_herbert.jpg,,,dank_herbert.jpg,364,
1.80054527703375E+018,MidnightMambo,midnight mambo (pls don’t DM me),MidnightMambo.jpg,,,MidnightMambo.jpg,365,
1.33921340399126E+018,CollingsMaccrae,Collings MacCrae 🧩,CollingsMaccrae.jpg,,,CollingsMaccrae.jpg,366,
50472217,sirbenjaminjr,Mr. Jones strikes up a conversation,sirbenjaminjr.jpg,,,sirbenjaminjr.jpg,367,
1.18779018869053E+018,AuthorGFAllen,G. F. Allen,AuthorGFAllen.jpg,,,AuthorGFAllen.jpg,368,
8.48905826584724E+017,kathrynhall_,Kathryn CJ Hall 📚,kathrynhall_.jpg,,,kathrynhall_.jpg,369,
488018231,jflWrites,J.F. Lawrence | Author (Jesse),jflWrites.jpg,,,jflWrites.jpg,370,
1.31405856021352E+018,SilkSwift_,Silk,SilkSwift_.jpg,,,SilkSwift_.jpg,371,
1.51870952238633E+018,NikoleCallihan,Nikole Callihan Author,NikoleCallihan.jpg,,,NikoleCallihan.jpg,372,
1.80011154253879E+018,victorwiins,Victor,victorwiins.jpg,,,victorwiins.jpg,373,
1.87530658850161E+018,Keyboardbadger,autism diagnosis,Keyboardbadger.jpg,,,Keyboardbadger.jpg,374,
1.77426521483103E+018,lemonogata,the lemon ΘΔ,lemonogata.png,,,lemonogata.jpg,375,
20514190,jrswab,jrswab,jrswab.jpg,,,jrswab.jpg,376,
1.88767329243124E+018,ScottPalmer2025,Scott Palmer,ScottPalmer2025.jpg,,,ScottPalmer2025.jpg,377,
4747953322,fruitgang_cult,The Fruitgang Cult 🍍,fruitgang_cult.jpg,,,fruitgang_cult.jpg,378,
1.5750362176995E+018,JohnOtherWrites,John Other,JohnOtherWrites.jpg,,,JohnOtherWrites.jpg,379,
9.06583372209824E+017,GazTrew,Gary (AKA Denny),GazTrew.jpg,,,GazTrew.jpg,380,
384974288,Marek_Orz,Marek Orzechowski,Marek_Orz.jpeg,,,Marek_Orz.jpg,381,
1.89226172743099E+018,Cyjasthesmart,CyJas LLM ®,Cyjasthesmart.jpg,,,Cyjasthesmart.jpg,382,
8.48146125550965E+017,0x_p_k,Vry,0x_p_k.jpg,,,0x_p_k.jpg,383,
1.45217256869418E+018,ecombeckett,beckett‼️,ecombeckett.jpg,,,ecombeckett.jpg,384,
1.8666444406028E+018,DreamPiStudios,DreamPi,DreamPiStudios.jpg,,,DreamPiStudios.jpg,385,
255245279,AlanFelyk,Alan Felyk,AlanFelyk.jpg,,,AlanFelyk.jpg,386,
9.56904063584686E+017,eaccngineer,Wende,eaccngineer.jpg,,,eaccngineer.jpg,387,
1.8690494785333E+018,KWBussard_,K.W. Bussard,KWBussard_.jpg,,,KWBussard_.jpg,388,
1.87481221178236E+018,StephenMConway,Stephen Conway,StephenMConway.jpg,,,StephenMConway.jpg,389,
1.88951637806508E+018,JasonWMizer,JasonWMizer,JasonWMizer.jpg,,,JasonWMizer.jpg,390,
1.45758237542097E+018,chingunkh,Chingun,chingunkh.jpg,,,chingunkh.jpg,391,
1.86403934436693E+018,Patparent249401,Psycho_Pat,Patparent249401.jpg,,,Patparent249401.jpg,392,
1.63456187312633E+018,ChrystalMAuthor,Chrystal Murphy Author,ChrystalMAuthor.jpg,,,ChrystalMAuthor.jpg,393,
1.88981526112702E+018,nodaridev,dangerous_carrot,nodaridev.jpg,,,nodaridev.jpg,394,
1.88431462999801E+018,Dogood0Silence,Schizo🙏🏻Sister ✝️ Suzzy🕊,Dogood0Silence.jpg,,,Dogood0Silence.jpg,395,
1.75080132159752E+018,ian_90211,Ian ☀️🌴🎥,ian_90211.jpg,,,ian_90211.jpg,396,
1.88701867392125E+018,CaviarDotTech,DIGITAL CAVIAR,CaviarDotTech.png,,,CaviarDotTech.jpg,397,
1.82264898355189E+018,selenialapp,Selenial,selenialapp.jpg,,,selenialapp.jpg,398,
1.4531888462928E+018,MansaOfEden,Mansa of Eden,MansaOfEden.jpg,,,MansaOfEden.jpg,399,
1.24706773136465E+018,giosaia,giosaia,giosaia.jpg,,,giosaia.jpg,400,
1.50661880957438E+018,__iamarnav,Arnav,__iamarnav.jpg,,,__iamarnav.jpg,401,
1.86622436891478E+018,AxionDrift,t3ylar,AxionDrift.jpg,,,AxionDrift.jpg,402,
1.65436111601583E+018,86d_app,86d,86d_app.jpg,,,86d_app.jpg,403,
9.831434258507E+017,darklordjournal,Dark Lords | Monsters | Villainy | Sith | Books,darklordjournal.png,,,darklordjournal.jpg,404,
9.49681265082499E+017,gregariouswolf,Greg Wolfe,gregariouswolf.jpg,,,gregariouswolf.jpg,405,
1.26292625142313E+018,JuliaMwritings,Julia: Seer & Overseer,JuliaMwritings.jpg,,,JuliaMwritings.jpg,406,
377852457,KevinProLiX,Kevin ProLiX Ⓜ,KevinProLiX.jpg,,,KevinProLiX.jpg,407,
1.89084263945886E+018,vxntrl,vox,vxntrl.jpg,,,vxntrl.jpg,408,
890307289,BohemianHacks,BohemianHacks,BohemianHacks.jpg,,,BohemianHacks.jpg,409,
1.85536007791536E+018,Entropy8ynamics,Thermodynamic Flux,Entropy8ynamics.jpg,,,Entropy8ynamics.jpg,410,
1.55994061802092E+018,basedkuromiboi,Kuromi Boi,basedkuromiboi.jpg,,,basedkuromiboi.jpg,411,
40504063,Joey_FS,Joey,Joey_FS.jpg,,,Joey_FS.jpg,412,
23322584,madisonjw,Madders,madisonjw.jpg,,,madisonjw.jpg,413,
1.87499475663738E+018,DelendaStories,Delenda Carthago,DelendaStories.png,,,DelendaStories.jpg,414,
1.84565587352136E+018,jojo_bombadil,Satsuki Nui 無師独悟 / 自悟自証,jojo_bombadil.jpg,,,jojo_bombadil.jpg,415,
1047006374,luxmendax,luxmendax,luxmendax.jpg,,,luxmendax.jpg,416,
1409281856,tennyfren,Tennyson,tennyfren.jpg,,,tennyfren.jpg,417,
1.22732477189489E+018,verbii_,verbii/dyllan,verbii_.jpg,,,verbii_.jpg,418,
1.74254843071339E+018,jessica_barberi,Jessica Barberi,jessica_barberi.jpg,,,jessica_barberi.jpg,419,
26137976,jesrad,Jesse Rademacher - Author,jesrad.jpg,,,jesrad.jpg,420,
1.84942953582288E+018,real_mpwilcox,M. P. Wilcox,real_mpwilcox.jpg,,,real_mpwilcox.jpg,421,
1.8570140262632E+018,TiagoRResende,Tiago R. Resende,TiagoRResende.jpg,,,TiagoRResende.jpg,422,
1.88365193093918E+018,GeraltofGoonia,Geralt of Goonia,GeraltofGoonia.jpg,,,GeraltofGoonia.jpg,423,
1.72594282287482E+018,RedPlanetWoman,Red Planet Woman,RedPlanetWoman.jpg,,,RedPlanetWoman.jpg,424,
1358594167,lilm2a2d,lilm2a2d(autism),lilm2a2d.jpg,,,lilm2a2d.jpg,425,
233782499,shauncamp_,Shaun Camp,shauncamp_.jpg,,,shauncamp_.jpg,426,
1.55132210248077E+018,HilandrX,Highlander,HilandrX.jpg,,,HilandrX.jpg,427,
1.89012517883284E+018,ellourrah,Ellourrah Lofthouse,ellourrah.jpg,,,ellourrah.jpg,428,
1.2830383049513E+018,edkesuma,Edrick🕗,edkesuma.jpg,,,edkesuma.jpg,429,
6.97183402890543E+017,Lakeezone,Lake,Lakeezone.jpg,,,Lakeezone.jpg,430,
1.12717927890541E+018,_John_Reed,Groking Haiku,_John_Reed.jpg,,,_John_Reed.jpg,431,
1.87473109862804E+018,NorDotShell,Nor,NorDotShell.jpg,,,NorDotShell.jpg,432,
1.87891926232224E+018,GreenthoughtsUS,Greenthoughts,GreenthoughtsUS.jpg,,,GreenthoughtsUS.jpg,433,
1.37360948651927E+018,sairrtc,sair,sairrtc.jpg,,,sairrtc.jpg,434,
1.00926067179884E+018,PoetandIDoughIt,The Oracle of Austin,PoetandIDoughIt.jpg,,,PoetandIDoughIt.jpg,435,
1.80420686788496E+018,KnightsPenitent,Knight Penitent,KnightsPenitent.jpg,,,KnightsPenitent.jpg,436,
8.92469432924197E+017,Reibellionix,Reibellion,Reibellionix.jpg,,,Reibellionix.jpg,437,
1.80037813339857E+018,larosadelicata,rose,larosadelicata.jpg,,,larosadelicata.jpg,438,
1.51867046213341E+018,gonzalezharry,Harry Gonzalez,gonzalezharry.jpg,,,gonzalezharry.jpg,439,
1.70330119576952E+018,aashatwt,aasha,aashatwt.jpg,,,aashatwt.jpg,440,
14754929,BlakeC,Blake,BlakeC.jpg,,,BlakeC.jpg,441,
1.43160060636857E+018,Craine_Workshop,Craine’s Workshop,Craine_Workshop.jpg,,,Craine_Workshop.jpg,442,
1.84115551672822E+018,CygnusXG,Cygnus X Games,CygnusXG.jpg,,,CygnusXG.jpg,443,
1.21691677292796E+018,RuiCarrilho5,Roy Carrilho,RuiCarrilho5.jpg,,,RuiCarrilho5.jpg,444,
1.6935864410358E+018,r0hxn1,Rohan ࿇,r0hxn1.jpg,,,r0hxn1.jpg,445,
23705714,illyasReal,illyasreal von einzburp,illyasReal.jpg,,,illyasReal.jpg,446,
1.77411549021593E+018,shivangitwt,Shivangi,shivangitwt.jpg,,,shivangitwt.jpg,447,
1.55391578101607E+018,_Knight_writer,Matt,_Knight_writer.jpg,,,_Knight_writer.jpg,448,
1.83826992663458E+018,rthomasv3,rthomasv3,rthomasv3.jpg,,,rthomasv3.jpg,449,
1.85019912160219E+018,burtbume,burak ,burtbume.jpg,,,burtbume.jpg,450,
337172753,nathan_covey,Nathan Covey,nathan_covey.jpg,,,nathan_covey.jpg,451,
1.86999645884767E+018,logFatal,err != nil,logFatal.jpg,,,logFatal.jpg,452,
9.24898079106568E+017,WebstarDavid,David Webster,WebstarDavid.jpg,,,WebstarDavid.jpg,453,
1.23969796758777E+018,Stonewrot,Stonewrot,Stonewrot.jpg,,,Stonewrot.jpg,454,
42126490,dreamworks2050,M4rc0z,dreamworks2050.jpg,,,dreamworks2050.jpg,455,
1.62314274581974E+018,Akhu176,Astro chan 🇮🇷,Akhu176.jpg,,,Akhu176.jpg,456,
1.35185947374957E+018,sudodeath,sudo death,sudodeath.jpg,,,sudodeath.jpg,457,
1.78973416902034E+018,acreciti,josiah,acreciti.jpg,,,acreciti.jpg,458,
1.75296741204213E+018,3driccc,edric,3driccc.jpg,,,3driccc.jpg,459,
1.71296188086691E+018,BrianSoto683799,Bryan S3,BrianSoto683799.jpg,,,BrianSoto683799.jpg,460,
1.74482334737497E+018,m3aus,mū,m3aus.jpg,,,m3aus.jpg,461,
1.84659583754507E+018,EliasofIX,ÆLĪĀŠ 🇻🇦,EliasofIX.jpg,,,EliasofIX.jpg,462,
1.62163060474263E+018,bizzybeccabee,BELove•BELight•BELieve🌐,bizzybeccabee.jpg,,,bizzybeccabee.jpg,463,
1.74001540707374E+018,gaksat,gaksat,gaksat.jpg,,,gaksat.jpg,464,
1.87137231574677E+018,becomingsaitama,sai,becomingsaitama.jpg,,,becomingsaitama.jpg,465,
1.29028590333275E+018,Gre3n_Cat,Ｅｍｅｒａｌｄツ,Gre3n_Cat.jpg,,,Gre3n_Cat.jpg,466,
80400543,Exothaumic,Exo,Exothaumic.jpg,,,Exothaumic.jpg,467,
1.65463357457694E+018,Bluesquarepanda,PANORA FRISK,Bluesquarepanda.jpg,,,Bluesquarepanda.jpg,468,
1.83754512297384E+018,jamesbaratheon,Jimothy,jamesbaratheon.jpg,,,jamesbaratheon.jpg,469,
1.13386044443777E+018,LottoLabs,Lotto,LottoLabs.jpg,,,LottoLabs.jpg,470,
7614072,beardedbestie,Grant Walker,beardedbestie.jpg,,,beardedbestie.jpg,471,
1383458750,ChurchAdullam,Jake,ChurchAdullam.jpg,,,ChurchAdullam.jpg,472,
1.8739435635762E+018,The_Ogna,Ogna,The_Ogna.jpg,,,The_Ogna.jpg,473,
1.83145253575791E+018,forloopcodes,ForLoop,forloopcodes.jpg,,,forloopcodes.jpg,474,
1.68531086565276E+018,the_one_orlando,orlox,the_one_orlando.jpg,,,the_one_orlando.jpg,475,
1.60230219926202E+018,4everwalkalone,LastKnownSurvivor,4everwalkalone.jpg,,,4everwalkalone.jpg,476,
1.8742809245374E+018,exndeos,exn86,exndeos.jpg,,,exndeos.jpg,477,
3169089013,SixBangs,sixbangs,SixBangs.jpg,,,SixBangs.jpg,478,
1.84431107293051E+018,martinlindenn,martin,martinlindenn.png,,,martinlindenn.jpg,479,
1.84791854022703E+018,onehundredcows,onehundredcows,onehundredcows.jpg,,,onehundredcows.jpg,480,
1.84418639435439E+018,Unleashthemind7,UNLEASH,Unleashthemind7.jpg,,,Unleashthemind7.jpg,481,
47039998,t4reef,Tareef,t4reef.jpg,,,t4reef.jpg,482,
1.21819135331581E+018,yeliabh,south hov,yeliabh.jpg,,,yeliabh.jpg,483,
2273560614,__Zill4__,Justin,__Zill4__.jpg,,,__Zill4__.jpg,484,
1.3157582541029E+018,CBDCisSlavery,JamesOf The PalmerDivide,CBDCisSlavery.jpg,,,CBDCisSlavery.jpg,485,
1.80460262510869E+018,theirtestuser,Kat Yu,theirtestuser.jpg,,,theirtestuser.jpg,486,
1.23233842438176E+018,vishyfishy2,f1shy-dev,vishyfishy2.jpg,,,vishyfishy2.jpg,487,
1.36889102852314E+018,Domi_Games_,Domi Games,Domi_Games_.jpg,,,Domi_Games_.jpg,488,
1.62809992843297E+018,SilverScholar15,Silver Lady🦉🌕🧙‍♀️🇺🇸,SilverScholar15.jpg,,,SilverScholar15.jpg,489,
1.84614328122001E+018,TazZ1890,Tazz90,TazZ1890.jpg,,,TazZ1890.jpg,490,
2460348392,kermit5329,kermit,kermit5329.jpg,,,kermit5329.jpg,491,
1.6649714314012E+018,EpicOfBrave,Epic of Brave,EpicOfBrave.jpg,,,EpicOfBrave.jpg,492,
1.58589502452859E+018,magichustler_,magichustler,magichustler_.jpg,,,magichustler_.jpg,493,
1.84873971414199E+018,strwbcom,strwb,strwbcom.jpg,,,strwbcom.jpg,494,
1.5599291951949E+018,NainKiriti,kiti メ,NainKiriti.jpg,,,NainKiriti.jpg,495,
1.41905051641221E+018,ronnhue,ronnie,ronnhue.jpg,,,ronnhue.jpg,496,
1.84253747459541E+018,FriedrichC109,Friedrich,FriedrichC109.jpg,,,FriedrichC109.jpg,497,
2167066214,michael_kormann,Prof. Dr. rer. nat. Michael Kormann,michael_kormann.jpg,,,michael_kormann.jpg,498,
1.71657551547644E+018,Seraph_Notitia,Champion 0f The Goddess //{DraakenGaard},Seraph_Notitia.jpg,,,Seraph_Notitia.jpg,499,
1.86138047134473E+018,4cceler4te,4ccel,4cceler4te.jpg,,,4cceler4te.jpg,500,
1.13332460313529E+018,uncertainsys,Uncertain Systems (e/acc),uncertainsys.jpg,,,uncertainsys.jpg,501,
1.47508656838588E+018,egor0x,Egor,egor0x.jpg,,,egor0x.jpg,502,
1.588428241727E+018,jvboid,Jacob,jvboid.jpg,,,jvboid.jpg,503,
1.86769230020737E+018,anonamish_12,anonamish,anonamish_12.jpg,,,anonamish_12.jpg,504,
2215316179,donsatamoto,sat,donsatamoto.jpg,,,donsatamoto.jpg,505,
1.542710537922E+018,suagsi,🥈,suagsi.jpg,,,suagsi.jpg,506,
1.57804779133871E+018,M4Y4VI,Aryayama,M4Y4VI.jpg,,,M4Y4VI.jpg,507,
38876610,Vestboy_Myst,chris / strutheo,Vestboy_Myst.jpg,,,Vestboy_Myst.jpg,508,
1.44796930734274E+018,Swappiness0,𝅙,Swappiness0.jpg,,,Swappiness0.jpg,509,
1.77719654406155E+018,_farhanfarooq,Farhan Farooq,_farhanfarooq.jpg,,,_farhanfarooq.jpg,510,
1.80605284986195E+018,SPEEK_UP_LIBROL,HEMORRHOIDICLES,SPEEK_UP_LIBROL.jpg,,,SPEEK_UP_LIBROL.jpg,511,
1.29970390713686E+018,kaaliya_offcl,Elamaaran palanisamy,kaaliya_offcl.jpg,,,kaaliya_offcl.jpg,512,
1.64980381137098E+018,Sanatan_dive,Sanatan_dive,Sanatan_dive.jpg,,,Sanatan_dive.jpg,513,
1.86339135088168E+018,hibakod,404 not found,hibakod.jpg,,,hibakod.jpg,514,
1.38860586829231E+018,n0rmyll,Normyll,n0rmyll.jpg,,,n0rmyll.jpg,515,
1.31531987725142E+018,lylamist,ly,lylamist.jpg,,,lylamist.jpg,516,
1.80060499020287E+018,TheGamingCynics,The Gaming Cynics,TheGamingCynics.jpg,,,TheGamingCynics.jpg,517,
1.68344092858794E+018,domic137,Domi,domic137.jpg,,,domic137.jpg,518,
1.22590832379243E+018,IronLordTTV,Iron_Lord,IronLordTTV.jpg,,,IronLordTTV.jpg,519,
88471877,didusaythis,Rebecca,didusaythis.jpg,,,didusaythis.jpg,520,
1.69442486859745E+018,jphx32011,Paul Hoffman,jphx32011.jpg,,,jphx32011.jpg,521,
1.67494154881375E+018,MikeDiazAuthor,Mike Diaz -Author,MikeDiazAuthor.jpg,,,MikeDiazAuthor.jpg,522,
1.82776577430116E+018,voidneco,Void,voidneco.jpg,,,voidneco.jpg,523,
9.31231336798523E+017,Januki_on_X,Januki,Januki_on_X.jpg,,,Januki_on_X.jpg,524,
3341880731,phineas_gatobu,KOT Virus,phineas_gatobu.jpg,,,phineas_gatobu.jpg,525,
1.42552849495253E+018,Neuromancerrrr,Neuromancer,Neuromancerrrr.jpg,,,Neuromancerrrr.jpg,526,
1.49878011159584E+018,ptrToLiam,void* Liam,ptrToLiam.jpg,,,ptrToLiam.jpg,527,
1.0697161382281E+018,MichaelFKane,Michael F Kane,MichaelFKane.png,,,MichaelFKane.jpg,528,
1.6247624588575E+018,g4titan_,∑,g4titan_.jpg,,,g4titan_.jpg,529,
1.54717940773498E+018,Fynjirby,Egor,Fynjirby.jpg,,,Fynjirby.jpg,530,
1.18088598673527E+018,whatRanjuSaid,Ranju,whatRanjuSaid.jpg,,,whatRanjuSaid.jpg,531,
1.61780508844114E+018,yokolittie,yoko㊙️,yokolittie.jpg,,,yokolittie.jpg,532,
1.1654471396711E+018,goosecaps,Goose 🪿,goosecaps.jpg,,,goosecaps.jpg,533,
1.53136710215784E+018,livinthrusound,Livinthrusound,livinthrusound.jpg,,,livinthrusound.jpg,534,
1875793178,Kraft_the_Elf,Kraft,Kraft_the_Elf.jpg,,,Kraft_the_Elf.jpg,535,
1.82810093186862E+018,davidorpz,David (from Ultimate),davidorpz.jpg,,,davidorpz.jpg,536,
1.39228606440069E+018,wilfullyapt,Wil - e/acc,wilfullyapt.jpg,,,wilfullyapt.jpg,537,
1.56000225619543E+018,api_assasin,APIGuy,api_assasin.jpg,,,api_assasin.jpg,538,
1.73984785687213E+018,ichigo10000001,ICHIGO,ichigo10000001.jpg,,,ichigo10000001.jpg,539,
1.73278375710547E+018,Gore_Burnelli,Gore,Gore_Burnelli.jpg,,,Gore_Burnelli.jpg,540,
1.83154369841013E+018,sad__guts,Berserker 𒉭,sad__guts.jpg,,,sad__guts.jpg,541,
1.58686779280404E+018,CarlyMarie32,✝️Carly☮️,CarlyMarie32.jpg,,,CarlyMarie32.jpg,542,
1.86829455464408E+018,zhoro_x,zhoro,zhoro_x.png,,,zhoro_x.jpg,543,
1.41587010068338E+018,Bill_2140,𝘽𝙞𝙡𝙡,Bill_2140.jpg,,,Bill_2140.jpg,544,
1.84793451823514E+018,moudx,@moudx👨🏻‍💻,moudx.jpg,,,moudx.jpg,545,
1.48771734780079E+018,atkmywk,Atsuki Miyawaki,atkmywk.jpg,,,atkmywk.jpg,546,
1.85565527838288E+018,VirgilsQuill,Virgil,VirgilsQuill.jpg,,,VirgilsQuill.jpg,547,
1.85775343612248E+018,f_lecroissant,Fiona Le Croissant 🥐,f_lecroissant.jpg,,,f_lecroissant.jpg,548,
1.82852576394913E+018,Ashley_Grihmm,Ashley Graham,Ashley_Grihmm.jpg,,,Ashley_Grihmm.jpg,549,
1.19775080131955E+018,crodie,crodie,crodie.jpg,,,crodie.jpg,550,
1.86060980950394E+018,xav_db,Xav,xav_db.jpg,,,xav_db.jpg,551,
1.53640098743869E+018,HotTrash4Me,Trash Takes,HotTrash4Me.jpg,,,HotTrash4Me.jpg,552,
1.84671495797649E+018,SkeletorInvests,Skeletor,SkeletorInvests.jpg,,,SkeletorInvests.jpg,553,
1.64396286245958E+018,gabe_burnette,Gabe Burnette,gabe_burnette.jpg,,,gabe_burnette.jpg,554,
1.45758425161703E+018,DoogieUSA,Doogie,DoogieUSA.jpg,,,DoogieUSA.jpg,555,
1.43223479406719E+018,ajayyy4y,ajay,ajayyy4y.jpg,,,ajayyy4y.jpg,556,
1.71294317411976E+018,AllanatrixQ,Allan,AllanatrixQ.jpg,,,AllanatrixQ.jpg,557,
1.84599749456976E+018,Bwc2btc,Headless conspiracy knight,Bwc2btc.jpg,,,Bwc2btc.jpg,558,
552502399,KevinMDaBess,kevinm,KevinMDaBess.jpg,,,KevinMDaBess.jpg,559,
1.07727798095783E+018,gabrielphys,Gabriel🇻🇦,gabrielphys.jpg,,,gabrielphys.jpg,560,
1.51902440558574E+018,compuficial,compuficial,compuficial.jpg,,,compuficial.jpg,561,
1.39417751978873E+018,pyr33x,mehdi,pyr33x.jpg,,,pyr33x.jpg,562,
237877368,wllottnwldr,Willie,wllottnwldr.jpg,,,wllottnwldr.jpg,563,
1.44772566621704E+018,Vesperstel0,Arkhos Winter (e/arete),Vesperstel0.jpg,,,Vesperstel0.jpg,564,
1.79111167913438E+018,RejectEntropy,REN,RejectEntropy.jpg,,,RejectEntropy.jpg,565,
1.71809706554336E+018,soham_btw,soham,soham_btw.jpg,,,soham_btw.jpg,566,
1.86366970183177E+018,squarecapo,capo,squarecapo.jpg,,,squarecapo.jpg,567,
246164003,shishanyu,Tony,shishanyu.jpg,,,shishanyu.jpg,568,
29285448,Doom_Grenade,Mega,Doom_Grenade.jpg,,,Doom_Grenade.jpg,569,
1.32443611990004E+018,SnowVilleD,SnowVille,SnowVilleD.jpg,,,SnowVilleD.jpg,570,
1.60983001858218E+018,_imsigh,sigh,_imsigh.jpg,,,_imsigh.jpg,571,
1.40335781296991E+018,kaxutx,kazu,kaxutx.jpg,,,kaxutx.jpg,572,
2344575749,alxstai,sticky 🐉,alxstai.jpg,,,alxstai.jpg,573,
7.0644613115741E+017,1Mortrix,mortrix🎈,1Mortrix.jpg,,,1Mortrix.jpg,574,
1.75962456429054E+018,aaaavws,aaaa,aaaavws.jpg,,,aaaavws.jpg,575,
3328281358,verrsane,verrsane,verrsane.jpg,,,verrsane.jpg,576,
9.417596890455E+017,sillydarket,Pedro,sillydarket.jpg,,,sillydarket.jpg,577,
1.86460000348398E+018,WadeGrimridge,wade,WadeGrimridge.jpg,,,WadeGrimridge.jpg,578,
1.77656399044303E+018,Leangphok,leanghok,Leangphok.jpg,,,Leangphok.jpg,579,
9.04553012491936E+017,yifever,yifei e/λ (meetmeinshibuya april 26),yifever.jpg,,,yifever.jpg,580,
1.74997805113453E+018,ErebiusWhite,Erebius,ErebiusWhite.jpg,,,ErebiusWhite.jpg,581,
9.81401372821197E+017,nanimonull,nanimoの🍂🌧️,nanimonull.png,,,nanimonull.jpg,582,
1.05426992599133E+018,IAm_Hooks,Hooks,IAm_Hooks.jpg,,,IAm_Hooks.jpg,583,
1.64659072961807E+018,ctLights___,ctLights,ctLights___.jpg,,,ctLights___.jpg,584,
1.67582316542626E+018,wisdomslices_,Wisdom Slices,wisdomslices_.jpg,,,wisdomslices_.jpg,585,
9.48014469044679E+017,igor_os777,Igor Os,igor_os777.jpg,,,igor_os777.jpg,586,
1.65101375926187E+018,0xdilo,dilo,0xdilo.jpg,,,0xdilo.jpg,587,
1.71325977971012E+018,louis_____renol,louis 🫧,louis_____renol.jpg,,,louis_____renol.jpg,588,
1.60056869909377E+018,SFCSWII,C Wagner,SFCSWII.jpg,,,SFCSWII.jpg,589,
974747172,kresh_v1,kresh,kresh_v1.jpg,,,kresh_v1.jpg,590,
403725420,bionicleeugenic,Dr. Pastor. Bionicle Asperger,bionicleeugenic.jpg,,,bionicleeugenic.jpg,591,
8.0185672748653E+017,RandomTypek,T-Peck,RandomTypek.jpg,,,RandomTypek.jpg,592,
1.65313810521641E+018,DevKokooo,𝓚𝓸𝓴𝓸,DevKokooo.jpg,,,DevKokooo.jpg,593,
9.18281045815935E+017,dynamic_linker,Jason Wilkes,dynamic_linker.jpg,,,dynamic_linker.jpg,594,
3165914722,ViraXVespa,Vira,ViraXVespa.jpg,,,ViraXVespa.jpg,595,
1.74044293258568E+018,dotproductt,dot,dotproductt.jpg,,,dotproductt.jpg,596,
1.85421611525122E+018,BillysGonzales,Billy B. Brodríguez,BillysGonzales.jpg,,,BillysGonzales.jpg,597,
1659893743,RealBenSobel,Ben,RealBenSobel.jpg,,,RealBenSobel.jpg,598,
1.85018575558854E+018,theoliverdev,oliver.dev - bigm/acc,theoliverdev.jpg,,,theoliverdev.jpg,599,
1.26578679621187E+018,TheAidenWagner,Aiden Wagner,TheAidenWagner.jpg,,,TheAidenWagner.jpg,600,
1.16500375194767E+018,__CT__01,CT 🇺🇸,__CT__01.jpg,,,__CT__01.jpg,601,
1.79784870972558E+018,lowresboots,Boots,lowresboots.jpg,,,lowresboots.jpg,602,
18173075,pinguxx,pinguxx,pinguxx.jpg,,,pinguxx.jpg,603,
1.45865210022575E+018,VeritasMSYWu,Mandy,VeritasMSYWu.jpg,,,VeritasMSYWu.jpg,604,
1.28411961405045E+018,SixNinjaFists,Joe Ray Six,SixNinjaFists.jpg,,,SixNinjaFists.jpg,605,
146535737,NGorhamA4S4,NGorhamA4S4 💫🇺🇸💫,NGorhamA4S4.jpg,,,NGorhamA4S4.jpg,606,
866927364,OyamaTypeBeat,Ø¥ĀMÄ,OyamaTypeBeat.jpg,,,OyamaTypeBeat.jpg,607,
1.50996318104897E+018,Ollyoxalls,Olly (.eth),Ollyoxalls.jpg,,,Ollyoxalls.jpg,608,
896053334,whoistheUnifier,xenocide — e/acc ⏩,whoistheUnifier.jpg,,,whoistheUnifier.jpg,609,
2713628538,ThePiperPie,Nate,ThePiperPie.jpg,,,ThePiperPie.jpg,610,
1.85498355181864E+018,namedobject,object Object,namedobject.jpg,,,namedobject.jpg,611,
1.41101195244128E+018,hikarubenji,ｂｅｎｊｉ🎏　勉志　⛩️,hikarubenji.jpg,,,hikarubenji.jpg,612,
1.77791542794908E+018,usb_type_d,Code With Joe,usb_type_d.jpg,,,usb_type_d.jpg,613,
1.64275696760822E+018,hiroh17o,hirohito,hiroh17o.jpg,,,hiroh17o.jpg,614,
1.62674058011306E+018,momorail,momorail (rank 1 tft set 17),momorail.jpg,,,momorail.jpg,615,
46342158,Psyko_Killa,WaifuslivesMatters,Psyko_Killa.jpg,,,Psyko_Killa.jpg,616,
1.47110921546912E+018,seimartino,Sei,seimartino.jpg,,,seimartino.jpg,617,
1.85103346259529E+018,Underattacher,JWoods,Underattacher.jpg,,,Underattacher.jpg,618,
334097773,Shayne_327,The Engineer,Shayne_327.jpg,,,Shayne_327.jpg,619,
3189258547,tunahorse21,tuna🍣,tunahorse21.jpg,,,tunahorse21.jpg,620,
1.55896930940535E+018,NewAgeRetroNerd,retrodev⌨,NewAgeRetroNerd.jpg,,,NewAgeRetroNerd.jpg,621,
9.35052348514214E+017,skewuo,skewüo,skewuo.jpg,,,skewuo.jpg,622,
1.84740037515163E+018,stinklabs,stinklabs,stinklabs.jpg,,,stinklabs.jpg,623,
1.63381910765188E+018,PxlHulk,pixel hulk,PxlHulk.jpg,,,PxlHulk.jpg,624,
1.4212507075341E+018,MargoMagoLa,Mary Who,MargoMagoLa.jpg,,,MargoMagoLa.jpg,625,
7.07430773754876E+017,happysmash27,27 — floofy/acc 🦝📈🚀,happysmash27.png,,,happysmash27.jpg,626,
1.80568597035403E+018,qxrein,mnv,qxrein.jpg,,,qxrein.jpg,627,
1.5625807950924E+018,tome_space,tome,tome_space.jpg,,,tome_space.jpg,628,
1.268537191053E+018,DakotaW727,Kota,DakotaW727.jpg,,,DakotaW727.jpg,629,
485793018,MMatt14,Mᜋtt,MMatt14.jpg,,,MMatt14.jpg,630,
1.35526408599098E+018,MagusGenji,magusgenji,MagusGenji.jpg,,,MagusGenji.jpg,631,
1.55739863891747E+018,atulit_gaur,atulit,atulit_gaur.jpg,,,atulit_gaur.jpg,632,
1.80414246977002E+018,moisnx,Moi,moisnx.jpg,,,moisnx.jpg,633,
1.4439985329487E+018,CatholicEdits,Catholic_Edits 🇻🇦,CatholicEdits.jpg,,,CatholicEdits.jpg,634,
1.16244442178438E+018,p_e_cooper,P.E. Cooper 🇺🇸,p_e_cooper.jpg,,,p_e_cooper.jpg,635,
1.16504487036219E+018,jaivin,Jaivin,jaivin.jpg,,,jaivin.jpg,636,
1.66301498969779E+018,tolly_xyz,ᴛᴏʟʟʏ ( ͡° ͜ʖ ͡°),tolly_xyz.jpg,,,tolly_xyz.jpg,637,
1.74114556812527E+018,Rahulsainlll,rahulsain ⟣,Rahulsainlll.jpg,,,Rahulsainlll.jpg,638,
1.5710377043219E+018,XENOWHITEx,XENOWHITE,XENOWHITEx.jpg,,,XENOWHITEx.jpg,639,
1.84560332048167E+018,CoastalFuturist,Kristof,CoastalFuturist.jpg,,,CoastalFuturist.jpg,640,
1.82856146348266E+018,propelium,propel,propelium.jpg,,,propelium.jpg,641,
1.45895109243217E+018,Prof_Atikin,Atikin,Prof_Atikin.jpg,,,Prof_Atikin.jpg,642,
1.74022629987103E+018,_ansh_ig,ANSH,_ansh_ig.jpg,,,_ansh_ig.jpg,643,
52538787,vaalkaar,The Prodigal Psychonaut,vaalkaar.jpg,,,vaalkaar.jpg,644,
1.54185711728352E+018,esqexr,Esqexr,esqexr.jpg,,,esqexr.jpg,645,
1.71149881460618E+018,clarrrentt,𝗰𝗹𝗮𝗿𝗲𝗻𝘁 🇺🇸,clarrrentt.jpg,,,clarrrentt.jpg,646,
1.5840948145886E+018,moon990x,moon 🌙🌟,moon990x.jpg,,,moon990x.jpg,647,
1.83649005941701E+018,scheminglunatic,alcuin ❄️,scheminglunatic.png,,,scheminglunatic.jpg,648,
173965087,FigmentFriis,Cordovan Splotch VTuber 👌🏻,FigmentFriis.jpg,,,FigmentFriis.jpg,649,
1.2453462434691E+018,illyrianlevi,levi,illyrianlevi.jpg,,,illyrianlevi.jpg,650,
219203412,erroneous_input,erroneous input,erroneous_input.jpg,,,erroneous_input.jpg,651,
7031182,hasnat_a_me_com,Hasnat,hasnat_a_me_com.jpg,,,hasnat_a_me_com.jpg,652,
1.36151371048177E+018,AmericanMuskrat,Muskrat,AmericanMuskrat.jpg,,,AmericanMuskrat.jpg,653,
1.77277450380788E+018,ImortalEnvy,ImortalEnvy,ImortalEnvy.jpg,,,ImortalEnvy.jpg,654,
24116295,ThinkWiselyMatt,Matt,ThinkWiselyMatt.jpg,,,ThinkWiselyMatt.jpg,655,
1.8335890525341E+018,etriclearns,Lurker,etriclearns.jpg,,,etriclearns.jpg,656,
1.34337891185875E+018,UnfetteredHai,Jeb the Unfettered,UnfetteredHai.jpg,,,UnfetteredHai.jpg,657,
1.72686003068588E+018,Magus_Caprae,Magus Capræ🧙‍♂️🐐,Magus_Caprae.jpg,,,Magus_Caprae.jpg,658,
1919951250,lefycodes,lefy ∆,lefycodes.jpg,,,lefycodes.jpg,659,
1.72714819086728E+018,y0dda,y0dda,y0dda.jpg,,,y0dda.jpg,660,
1.82086657809285E+018,consulted_graph,Consulted Graphs,consulted_graph.jpg,,,consulted_graph.jpg,661,
1.8428420818337E+018,0xIlyy,ily⚡️,0xIlyy.png,,,0xIlyy.jpg,662,
1.78260640803661E+018,ArticlesOnX,ArticlesOnX,ArticlesOnX.jpg,,,ArticlesOnX.jpg,663,
1.06175943730245E+018,Mad__Overlord,Mad Overlord Studios,Mad__Overlord.jpg,,,Mad__Overlord.jpg,664,
2513103368,MartyMansion,Marty,MartyMansion.jpg,,,MartyMansion.jpg,665,
1.77362930326507E+018,onarchbtw,𝐝𝐚𝐳𝐞,onarchbtw.jpg,,,onarchbtw.jpg,666,
1.67952768162765E+018,0G_Uri,Uri אורי,0G_Uri.jpg,0G_Uri.jpg,0,0G_Uri.jpg,667,
1.81236135999014E+018,TimeRectangle,Hopeful for government revolution from the top,TimeRectangle.jpg,,,TimeRectangle.jpg,668,
9.26177097193869E+017,MLSophist,MLSophist,MLSophist.jpg,,,MLSophist.jpg,669,
1.78138052821136E+018,accelebate,he will laugh,accelebate.jpg,,,accelebate.jpg,670,
1.67135453786371E+018,RationalPrepper,Rational Prepper,RationalPrepper.jpg,,,RationalPrepper.jpg,671,
1.82317705003262E+018,publicinte,public_intellectual,publicinte.jpg,,,publicinte.jpg,672,
9.46042895425032E+017,_hakagie,hkg,_hakagie.jpg,,,_hakagie.jpg,673,
1.66085825921196E+018,gouthamcanttwt,Goutham,gouthamcanttwt.jpg,,,gouthamcanttwt.jpg,674,
1.75085775346611E+018,renzocarbonara,Renzo,renzocarbonara.png,,,renzocarbonara.jpg,675,
1.48560448024669E+018,mattvarnerdd,Matt Varner,mattvarnerdd.jpg,,,mattvarnerdd.jpg,676,
2754665161,TomeIDK,tome,TomeIDK.jpg,,,TomeIDK.jpg,677,
1.48679278987049E+018,steelhavengame1,@steelhavengamestudios,steelhavengame1.jpg,,,steelhavengame1.jpg,678,
1.35498734661423E+018,reallyrawn,rawn,reallyrawn.jpg,,,reallyrawn.jpg,679,
2815394001,BroJoeChiRho,"Joe, the most chill zealot! ジョ ☧",BroJoeChiRho.jpg,,,BroJoeChiRho.jpg,680,
1.70822737480479E+018,FlandereLTD,Varisむ ʜᴏʟᴏ/ᴀᴄᴄ,FlandereLTD.jpg,,,FlandereLTD.jpg,681,
1.76687980697554E+018,0xVarrow,Varrow,0xVarrow.jpg,,,0xVarrow.jpg,682,
1.80093470326592E+018,Koenig_Paimon,König Paimon,Koenig_Paimon.jpg,,,Koenig_Paimon.jpg,683,
1.59293104208791E+018,QuetzalPhoenix,Carlos That Notices Things,QuetzalPhoenix.jpg,,,QuetzalPhoenix.jpg,684,
1.68762598222667E+018,GoodAmericanMan,Reasonable Man 🇺🇸,GoodAmericanMan.jpg,,,GoodAmericanMan.jpg,685,
1.67911642187002E+018,MichaelMEmling,Michael Emling,MichaelMEmling.jpg,,,MichaelMEmling.jpg,686,
9487272,archon,Alexander Macris,archon.jpg,,,archon.jpg,687,
1.70978105928893E+018,mym_studios,MYM Studios,mym_studios.jpg,,,mym_studios.jpg,688,
1.32541892167193E+018,SWargoat,Swedish Wargoat 🇧🇻,SWargoat.jpg,,,SWargoat.jpg,689,
,TushitGargg,Tushit,TushitGargg.jpg,,,TushitGargg.jpg,690,
